{
  "timestamp": "2025-09-15T01:21:22.993Z",
  "results": {
    "version": {
      "min": 81.61,
      "max": 194.65,
      "median": 134.77,
      "average": 132.17,
      "target": 60,
      "measurements": [
        81.6055,
        98.133042,
        134.772208,
        151.683375,
        194.653417
      ]
    },
    "help": {
      "min": 58.65,
      "max": 116.68,
      "median": 79.2,
      "average": 86.64,
      "target": 80,
      "measurements": [
        58.645708,
        68.105916,
        79.204542,
        110.544792,
        116.683
      ]
    }
  },
  "nodeVersion": "v22.13.1",
  "platform": "darwin",
  "arch": "arm64"
}