{
  "timestamp": "2025-09-15T01:18:52.027Z",
  "results": {
    "version": {
      "min": 181.02,
      "max": 373.2,
      "median": 267.28,
      "average": 280.27,
      "target": 60,
      "measurements": [
        181.022792,
        214.969125,
        267.278958,
        364.887333,
        373.20175
      ]
    },
    "help": {
      "min": 79.14,
      "max": 274.81,
      "median": 105.17,
      "average": 141.3,
      "target": 80,
      "measurements": [
        79.140416,
        97.674125,
        105.167542,
        149.724375,
        274.809542
      ]
    }
  },
  "nodeVersion": "v22.13.1",
  "platform": "darwin",
  "arch": "arm64"
}